[
  {
    "id": "4bbd5520-3269-470d-af19-20b63037b3b1",
    "data": [
      {
        "text": "interested in ",
        "userDefined": false
      },
      {
        "text": "discipline",
        "alias": "topic",
        "meta": "@Topic",
        "userDefined": true
      }
    ],
    "isTemplate": false,
    "count": 0,
    "updated": 0
  },
  {
    "id": "a8efd096-5805-4c59-bf58-9cf5edf78ee7",
    "data": [
      {
        "text": "what do know about ",
        "userDefined": false
      },
      {
        "text": "discipline",
        "alias": "topic",
        "meta": "@Topic",
        "userDefined": true
      }
    ],
    "isTemplate": false,
    "count": 0,
    "updated": 0
  },
  {
    "id": "48e0ebb6-a96b-4d12-9cc6-d7fec94410fc",
    "data": [
      {
        "text": "hows the ",
        "userDefined": false
      },
      {
        "text": "discipline",
        "alias": "topic",
        "meta": "@Topic",
        "userDefined": true
      }
    ],
    "isTemplate": false,
    "count": 0,
    "updated": 0
  },
  {
    "id": "14da45c6-bc1d-46ad-b40f-ec4a9fae76e7",
    "data": [
      {
        "text": "tell me about discisjow  me ",
        "userDefined": false
      },
      {
        "text": "disciplinepline",
        "alias": "topic",
        "meta": "@Topic",
        "userDefined": true
      }
    ],
    "isTemplate": false,
    "count": 0,
    "updated": 0
  },
  {
    "id": "d457afde-9d4e-4b0e-b207-b6cf8451b862",
    "data": [
      {
        "text": "tell me about ",
        "userDefined": false
      },
      {
        "text": "discipline",
        "alias": "topic",
        "meta": "@Topic",
        "userDefined": true
      }
    ],
    "isTemplate": false,
    "count": 1,
    "updated": 0
  },
  {
    "id": "7db12667-bb93-46a2-b305-401f2486e208",
    "data": [
      {
        "text": "i would like to know about ",
        "userDefined": false
      },
      {
        "text": "discipline",
        "alias": "topic",
        "meta": "@Topic",
        "userDefined": true
      }
    ],
    "isTemplate": false,
    "count": 0,
    "updated": 0
  }
]